sensor_name,exgauster_number,path,prop_name,type
moment,-1,,moment,datetime
SM_Exgauster\\[6:0],-1,/sinter/0,underpressure,analog
SM_Exgauster\\[6:1],-1,/sinter/0,temperature,analog
SM_Exgauster\\[6:2],-1,/sinter/0,speed,analog
SM_Exgauster\\[6.0],-1,/sinter/0,is_working,digital
SM_Exgauster\\[7:0],-1,/sinter/1,underpressure,analog
SM_Exgauster\\[7:1],-1,/sinter/1,temperature,analog
SM_Exgauster\\[7:2],-1,/sinter/1,speed,analog
SM_Exgauster\\[7.0],-1,/sinter/1,is_working,digital
SM_Exgauster\\[8:0],-1,/sinter/2,underpressure,analog
SM_Exgauster\\[8:1],-1,/sinter/2,temperature,analog
SM_Exgauster\\[8:2],-1,/sinter/2,speed,analog
SM_Exgauster\\[8.0],-1,/sinter/2,is_working,digital
SM_Exgauster\\[2:27],0,/bearing/0/heating_temperature,temperature,analog
SM_Exgauster\\[2:65],0,/bearing/0/heating_temperature,alarm_max,analog
SM_Exgauster\\[2:74],0,/bearing/0/heating_temperature,alarm_min,analog
SM_Exgauster\\[2:83],0,/bearing/0/heating_temperature,warning_max,analog
SM_Exgauster\\[2:92],0,/bearing/0/heating_temperature,warning_min,analog
SM_Exgauster\\[2:2],0,/bearing/0/vibration/axial,value,analog
SM_Exgauster\\[2:139],0,/bearing/0/vibration/axial,alarm_max,analog
SM_Exgauster\\[2:151],0,/bearing/0/vibration/axial,alarm_min,analog
SM_Exgauster\\[2:163],0,/bearing/0/vibration/axial,warning_max,analog
SM_Exgauster\\[2:175],0,/bearing/0/vibration/axial,warning_min,analog
SM_Exgauster\\[2:0],0,/bearing/0/vibration/horizontal,value,analog
SM_Exgauster\\[2:137],0,/bearing/0/vibration/horizontal,alarm_max,analog
SM_Exgauster\\[2:149],0,/bearing/0/vibration/horizontal,alarm_min,analog
SM_Exgauster\\[2:161],0,/bearing/0/vibration/horizontal,warning_max,analog
SM_Exgauster\\[2:173],0,/bearing/0/vibration/horizontal,warning_min,analog
SM_Exgauster\\[2:1],0,/bearing/0/vibration/vertical,value,analog
SM_Exgauster\\[2:138],0,/bearing/0/vibration/vertical,alarm_max,analog
SM_Exgauster\\[2:150],0,/bearing/0/vibration/vertical,alarm_min,analog
SM_Exgauster\\[2:162],0,/bearing/0/vibration/vertical,warning_max,analog
SM_Exgauster\\[2:174],0,/bearing/0/vibration/vertical,warning_min,analog
SM_Exgauster\\[2:28],0,/bearing/1/heating_temperature,temperature,analog
SM_Exgauster\\[2:66],0,/bearing/1/heating_temperature,alarm_max,analog
SM_Exgauster\\[2:75],0,/bearing/1/heating_temperature,alarm_min,analog
SM_Exgauster\\[2:84],0,/bearing/1/heating_temperature,warning_max,analog
SM_Exgauster\\[2:93],0,/bearing/1/heating_temperature,warning_min,analog
SM_Exgauster\\[2:5],0,/bearing/1/vibration/axial,value,analog
SM_Exgauster\\[2:142],0,/bearing/1/vibration/axial,alarm_max,analog
SM_Exgauster\\[2:154],0,/bearing/1/vibration/axial,alarm_min,analog
SM_Exgauster\\[2:166],0,/bearing/1/vibration/axial,warning_max,analog
SM_Exgauster\\[2:178],0,/bearing/1/vibration/axial,warning_min,analog
SM_Exgauster\\[2:3],0,/bearing/1/vibration/horizontal,value,analog
SM_Exgauster\\[2:140],0,/bearing/1/vibration/horizontal,alarm_max,analog
SM_Exgauster\\[2:152],0,/bearing/1/vibration/horizontal,alarm_min,analog
SM_Exgauster\\[2:164],0,/bearing/1/vibration/horizontal,warning_max,analog
SM_Exgauster\\[2:176],0,/bearing/1/vibration/horizontal,warning_min,analog
SM_Exgauster\\[2:4],0,/bearing/1/vibration/vertical,value,analog
SM_Exgauster\\[2:141],0,/bearing/1/vibration/vertical,alarm_max,analog
SM_Exgauster\\[2:153],0,/bearing/1/vibration/vertical,alarm_min,analog
SM_Exgauster\\[2:165],0,/bearing/1/vibration/vertical,warning_max,analog
SM_Exgauster\\[2:177],0,/bearing/1/vibration/vertical,warning_min,analog
SM_Exgauster\\[2:29],0,/bearing/2/heating_temperature,temperature,analog
SM_Exgauster\\[2:67],0,/bearing/2/heating_temperature,alarm_max,analog
SM_Exgauster\\[2:76],0,/bearing/2/heating_temperature,alarm_min,analog
SM_Exgauster\\[2:85],0,/bearing/2/heating_temperature,warning_max,analog
SM_Exgauster\\[2:94],0,/bearing/2/heating_temperature,warning_min,analog
SM_Exgauster\\[2:30],0,/bearing/3/heating_temperature,temperature,analog
SM_Exgauster\\[2:68],0,/bearing/3/heating_temperature,alarm_max,analog
SM_Exgauster\\[2:77],0,/bearing/3/heating_temperature,alarm_min,analog
SM_Exgauster\\[2:86],0,/bearing/3/heating_temperature,warning_max,analog
SM_Exgauster\\[2:95],0,/bearing/3/heating_temperature,warning_min,analog
SM_Exgauster\\[2:31],0,/bearing/4/heating_temperature,temperature,analog
SM_Exgauster\\[2:69],0,/bearing/4/heating_temperature,alarm_max,analog
SM_Exgauster\\[2:78],0,/bearing/4/heating_temperature,alarm_min,analog
SM_Exgauster\\[2:87],0,/bearing/4/heating_temperature,warning_max,analog
SM_Exgauster\\[2:96],0,/bearing/4/heating_temperature,warning_min,analog
SM_Exgauster\\[2:32],0,/bearing/5/heating_temperature,temperature,analog
SM_Exgauster\\[2:70],0,/bearing/5/heating_temperature,alarm_max,analog
SM_Exgauster\\[2:79],0,/bearing/5/heating_temperature,alarm_min,analog
SM_Exgauster\\[2:88],0,/bearing/5/heating_temperature,warning_max,analog
SM_Exgauster\\[2:97],0,/bearing/5/heating_temperature,warning_min,analog
SM_Exgauster\\[2:33],0,/bearing/6/heating_temperature,temperature,analog
SM_Exgauster\\[2:71],0,/bearing/6/heating_temperature,alarm_max,analog
SM_Exgauster\\[2:80],0,/bearing/6/heating_temperature,alarm_min,analog
SM_Exgauster\\[2:89],0,/bearing/6/heating_temperature,warning_max,analog
SM_Exgauster\\[2:98],0,/bearing/6/heating_temperature,warning_min,analog
SM_Exgauster\\[2:8],0,/bearing/6/vibration/axial,value,analog
SM_Exgauster\\[2:145],0,/bearing/6/vibration/axial,alarm_max,analog
SM_Exgauster\\[2:157],0,/bearing/6/vibration/axial,alarm_min,analog
SM_Exgauster\\[2:169],0,/bearing/6/vibration/axial,warning_max,analog
SM_Exgauster\\[2:181],0,/bearing/6/vibration/axial,warning_min,analog
SM_Exgauster\\[2:6],0,/bearing/6/vibration/horizontal,value,analog
SM_Exgauster\\[2:143],0,/bearing/6/vibration/horizontal,alarm_max,analog
SM_Exgauster\\[2:155],0,/bearing/6/vibration/horizontal,alarm_min,analog
SM_Exgauster\\[2:167],0,/bearing/6/vibration/horizontal,warning_max,analog
SM_Exgauster\\[2:179],0,/bearing/6/vibration/horizontal,warning_min,analog
SM_Exgauster\\[2:7],0,/bearing/6/vibration/vertical,value,analog
SM_Exgauster\\[2:144],0,/bearing/6/vibration/vertical,alarm_max,analog
SM_Exgauster\\[2:156],0,/bearing/6/vibration/vertical,alarm_min,analog
SM_Exgauster\\[2:168],0,/bearing/6/vibration/vertical,warning_max,analog
SM_Exgauster\\[2:180],0,/bearing/6/vibration/vertical,warning_min,analog
SM_Exgauster\\[2:34],0,/bearing/7/heating_temperature,temperature,analog
SM_Exgauster\\[2:72],0,/bearing/7/heating_temperature,alarm_max,analog
SM_Exgauster\\[2:81],0,/bearing/7/heating_temperature,alarm_min,analog
SM_Exgauster\\[2:90],0,/bearing/7/heating_temperature,warning_max,analog
SM_Exgauster\\[2:99],0,/bearing/7/heating_temperature,warning_min,analog
SM_Exgauster\\[2:11],0,/bearing/7/vibration/axial,value,analog
SM_Exgauster\\[2:148],0,/bearing/7/vibration/axial,alarm_max,analog
SM_Exgauster\\[2:160],0,/bearing/7/vibration/axial,alarm_min,analog
SM_Exgauster\\[2:172],0,/bearing/7/vibration/axial,warning_max,analog
SM_Exgauster\\[2:184],0,/bearing/7/vibration/axial,warning_min,analog
SM_Exgauster\\[2:9],0,/bearing/7/vibration/horizontal,value,analog
SM_Exgauster\\[2:146],0,/bearing/7/vibration/horizontal,alarm_max,analog
SM_Exgauster\\[2:158],0,/bearing/7/vibration/horizontal,alarm_min,analog
SM_Exgauster\\[2:170],0,/bearing/7/vibration/horizontal,warning_max,analog
SM_Exgauster\\[2:182],0,/bearing/7/vibration/horizontal,warning_min,analog
SM_Exgauster\\[2:10],0,/bearing/7/vibration/vertical,value,analog
SM_Exgauster\\[2:147],0,/bearing/7/vibration/vertical,alarm_max,analog
SM_Exgauster\\[2:159],0,/bearing/7/vibration/vertical,alarm_min,analog
SM_Exgauster\\[2:171],0,/bearing/7/vibration/vertical,warning_max,analog
SM_Exgauster\\[2:183],0,/bearing/7/vibration/vertical,warning_min,analog
SM_Exgauster\\[2:35],0,/bearing/8/heating_temperature,temperature,analog
SM_Exgauster\\[2:73],0,/bearing/8/heating_temperature,alarm_max,analog
SM_Exgauster\\[2:82],0,/bearing/8/heating_temperature,alarm_min,analog
SM_Exgauster\\[2:91],0,/bearing/8/heating_temperature,warning_max,analog
SM_Exgauster\\[2:100],0,/bearing/8/heating_temperature,warning_min,analog
SM_Exgauster\\[2:42],0,/cooler/oil,temperature_after,analog
SM_Exgauster\\[2:41],0,/cooler/oil,temperature_before,analog
SM_Exgauster\\[2:37],0,/cooler/water,temperature_after,analog
SM_Exgauster\\[2:36],0,/cooler/water,temperature_before,analog
SM_Exgauster\\[2:24],0,,temperature_before,analog
SM_Exgauster\\[2:61],0,,underpressure_before,analog
SM_Exgauster\\[4.1],0,,gas_valve_closed,digital
SM_Exgauster\\[4.2],0,,gas_valve_open,digital
SM_Exgauster\\[4:6],0,,gas_valve_position,analog
SM_Exgauster\\[4:2],0,,rotor_current,analog
SM_Exgauster\\[4:4],0,,rotor_voltage,analog
SM_Exgauster\\[4:3],0,,stator_current,analog
SM_Exgauster\\[4:5],0,,stator_voltage,analog
SM_Exgauster\\[4:0],0,,oil_level,analog
SM_Exgauster\\[4:1],0,,oil_pressure,analog
SM_Exgauster\\[2.0],0,,work,digital
SM_Exgauster\\[2:43],1,/bearing/0/heating_temperature,temperature,analog
SM_Exgauster\\[2:101],1,/bearing/0/heating_temperature,alarm_max,analog
SM_Exgauster\\[2:110],1,/bearing/0/heating_temperature,alarm_min,analog
SM_Exgauster\\[2:119],1,/bearing/0/heating_temperature,warning_max,analog
SM_Exgauster\\[2:128],1,/bearing/0/heating_temperature,warning_min,analog
SM_Exgauster\\[2:14],1,/bearing/0/vibration/axial,value,analog
SM_Exgauster\\[2:187],1,/bearing/0/vibration/axial,alarm_max,analog
SM_Exgauster\\[2:199],1,/bearing/0/vibration/axial,alarm_min,analog
SM_Exgauster\\[2:211],1,/bearing/0/vibration/axial,warning_max,analog
SM_Exgauster\\[2:223],1,/bearing/0/vibration/axial,warning_min,analog
SM_Exgauster\\[2:12],1,/bearing/0/vibration/horizontal,value,analog
SM_Exgauster\\[2:185],1,/bearing/0/vibration/horizontal,alarm_max,analog
SM_Exgauster\\[2:197],1,/bearing/0/vibration/horizontal,alarm_min,analog
SM_Exgauster\\[2:209],1,/bearing/0/vibration/horizontal,warning_max,analog
SM_Exgauster\\[2:221],1,/bearing/0/vibration/horizontal,warning_min,analog
SM_Exgauster\\[2:13],1,/bearing/0/vibration/vertical,value,analog
SM_Exgauster\\[2:186],1,/bearing/0/vibration/vertical,alarm_max,analog
SM_Exgauster\\[2:198],1,/bearing/0/vibration/vertical,alarm_min,analog
SM_Exgauster\\[2:210],1,/bearing/0/vibration/vertical,warning_max,analog
SM_Exgauster\\[2:222],1,/bearing/0/vibration/vertical,warning_min,analog
SM_Exgauster\\[2:44],1,/bearing/1/heating_temperature,temperature,analog
SM_Exgauster\\[2:102],1,/bearing/1/heating_temperature,alarm_max,analog
SM_Exgauster\\[2:111],1,/bearing/1/heating_temperature,alarm_min,analog
SM_Exgauster\\[2:120],1,/bearing/1/heating_temperature,warning_max,analog
SM_Exgauster\\[2:129],1,/bearing/1/heating_temperature,warning_min,analog
SM_Exgauster\\[2:17],1,/bearing/1/vibration/axial,value,analog
SM_Exgauster\\[2:190],1,/bearing/1/vibration/axial,alarm_max,analog
SM_Exgauster\\[2:202],1,/bearing/1/vibration/axial,alarm_min,analog
SM_Exgauster\\[2:214],1,/bearing/1/vibration/axial,warning_max,analog
SM_Exgauster\\[2:226],1,/bearing/1/vibration/axial,warning_min,analog
SM_Exgauster\\[2:15],1,/bearing/1/vibration/horizontal,value,analog
SM_Exgauster\\[2:188],1,/bearing/1/vibration/horizontal,alarm_max,analog
SM_Exgauster\\[2:200],1,/bearing/1/vibration/horizontal,alarm_min,analog
SM_Exgauster\\[2:212],1,/bearing/1/vibration/horizontal,warning_max,analog
SM_Exgauster\\[2:224],1,/bearing/1/vibration/horizontal,warning_min,analog
SM_Exgauster\\[2:16],1,/bearing/1/vibration/vertical,value,analog
SM_Exgauster\\[2:189],1,/bearing/1/vibration/vertical,alarm_max,analog
SM_Exgauster\\[2:201],1,/bearing/1/vibration/vertical,alarm_min,analog
SM_Exgauster\\[2:213],1,/bearing/1/vibration/vertical,warning_max,analog
SM_Exgauster\\[2:225],1,/bearing/1/vibration/vertical,warning_min,analog
SM_Exgauster\\[2:45],1,/bearing/2/heating_temperature,temperature,analog
SM_Exgauster\\[2:103],1,/bearing/2/heating_temperature,alarm_max,analog
SM_Exgauster\\[2:112],1,/bearing/2/heating_temperature,alarm_min,analog
SM_Exgauster\\[2:121],1,/bearing/2/heating_temperature,warning_max,analog
SM_Exgauster\\[2:130],1,/bearing/2/heating_temperature,warning_min,analog
SM_Exgauster\\[2:47],1,/bearing/3/heating_temperature,temperature,analog
SM_Exgauster\\[2:104],1,/bearing/3/heating_temperature,alarm_max,analog
SM_Exgauster\\[2:113],1,/bearing/3/heating_temperature,alarm_min,analog
SM_Exgauster\\[2:122],1,/bearing/3/heating_temperature,warning_max,analog
SM_Exgauster\\[2:131],1,/bearing/3/heating_temperature,warning_min,analog
SM_Exgauster\\[2:48],1,/bearing/4/heating_temperature,temperature,analog
SM_Exgauster\\[2:105],1,/bearing/4/heating_temperature,alarm_max,analog
SM_Exgauster\\[2:114],1,/bearing/4/heating_temperature,alarm_min,analog
SM_Exgauster\\[2:123],1,/bearing/4/heating_temperature,warning_max,analog
SM_Exgauster\\[2:132],1,/bearing/4/heating_temperature,warning_min,analog
SM_Exgauster\\[2:49],1,/bearing/5/heating_temperature,temperature,analog
SM_Exgauster\\[2:106],1,/bearing/5/heating_temperature,alarm_max,analog
SM_Exgauster\\[2:115],1,/bearing/5/heating_temperature,alarm_min,analog
SM_Exgauster\\[2:124],1,/bearing/5/heating_temperature,warning_max,analog
SM_Exgauster\\[2:133],1,/bearing/5/heating_temperature,warning_min,analog
SM_Exgauster\\[2:50],1,/bearing/6/heating_temperature,temperature,analog
SM_Exgauster\\[2:107],1,/bearing/6/heating_temperature,alarm_max,analog
SM_Exgauster\\[2:116],1,/bearing/6/heating_temperature,alarm_min,analog
SM_Exgauster\\[2:125],1,/bearing/6/heating_temperature,warning_max,analog
SM_Exgauster\\[2:134],1,/bearing/6/heating_temperature,warning_min,analog
SM_Exgauster\\[2:20],1,/bearing/6/vibration/axial,value,analog
SM_Exgauster\\[2:193],1,/bearing/6/vibration/axial,alarm_max,analog
SM_Exgauster\\[2:205],1,/bearing/6/vibration/axial,alarm_min,analog
SM_Exgauster\\[2:217],1,/bearing/6/vibration/axial,warning_max,analog
SM_Exgauster\\[2:229],1,/bearing/6/vibration/axial,warning_min,analog
SM_Exgauster\\[2:18],1,/bearing/6/vibration/horizontal,value,analog
SM_Exgauster\\[2:191],1,/bearing/6/vibration/horizontal,alarm_max,analog
SM_Exgauster\\[2:203],1,/bearing/6/vibration/horizontal,alarm_min,analog
SM_Exgauster\\[2:215],1,/bearing/6/vibration/horizontal,warning_max,analog
SM_Exgauster\\[2:227],1,/bearing/6/vibration/horizontal,warning_min,analog
SM_Exgauster\\[2:19],1,/bearing/6/vibration/vertical,value,analog
SM_Exgauster\\[2:192],1,/bearing/6/vibration/vertical,alarm_max,analog
SM_Exgauster\\[2:204],1,/bearing/6/vibration/vertical,alarm_min,analog
SM_Exgauster\\[2:216],1,/bearing/6/vibration/vertical,warning_max,analog
SM_Exgauster\\[2:228],1,/bearing/6/vibration/vertical,warning_min,analog
SM_Exgauster\\[2:51],1,/bearing/7/heating_temperature,temperature,analog
SM_Exgauster\\[2:108],1,/bearing/7/heating_temperature,alarm_max,analog
SM_Exgauster\\[2:117],1,/bearing/7/heating_temperature,alarm_min,analog
SM_Exgauster\\[2:126],1,/bearing/7/heating_temperature,warning_max,analog
SM_Exgauster\\[2:135],1,/bearing/7/heating_temperature,warning_min,analog
SM_Exgauster\\[2:23],1,/bearing/7/vibration/axial,value,analog
SM_Exgauster\\[2:196],1,/bearing/7/vibration/axial,alarm_max,analog
SM_Exgauster\\[2:208],1,/bearing/7/vibration/axial,alarm_min,analog
SM_Exgauster\\[2:220],1,/bearing/7/vibration/axial,warning_max,analog
SM_Exgauster\\[2:232],1,/bearing/7/vibration/axial,warning_min,analog
SM_Exgauster\\[2:21],1,/bearing/7/vibration/horizontal,value,analog
SM_Exgauster\\[2:194],1,/bearing/7/vibration/horizontal,alarm_max,analog
SM_Exgauster\\[2:206],1,/bearing/7/vibration/horizontal,alarm_min,analog
SM_Exgauster\\[2:218],1,/bearing/7/vibration/horizontal,warning_max,analog
SM_Exgauster\\[2:230],1,/bearing/7/vibration/horizontal,warning_min,analog
SM_Exgauster\\[2:22],1,/bearing/7/vibration/vertical,value,analog
SM_Exgauster\\[2:195],1,/bearing/7/vibration/vertical,alarm_max,analog
SM_Exgauster\\[2:207],1,/bearing/7/vibration/vertical,alarm_min,analog
SM_Exgauster\\[2:219],1,/bearing/7/vibration/vertical,warning_max,analog
SM_Exgauster\\[2:231],1,/bearing/7/vibration/vertical,warning_min,analog
SM_Exgauster\\[2:52],1,/bearing/8/heating_temperature,temperature,analog
SM_Exgauster\\[2:109],1,/bearing/8/heating_temperature,alarm_max,analog
SM_Exgauster\\[2:118],1,/bearing/8/heating_temperature,alarm_min,analog
SM_Exgauster\\[2:127],1,/bearing/8/heating_temperature,warning_max,analog
SM_Exgauster\\[2:136],1,/bearing/8/heating_temperature,warning_min,analog
SM_Exgauster\\[2:60],1,/cooler/oil,temperature_after,analog
SM_Exgauster\\[2:59],1,/cooler/oil,temperature_before,analog
SM_Exgauster\\[2:54],1,/cooler/water,temperature_after,analog
SM_Exgauster\\[2:53],1,/cooler/water,temperature_before,analog
SM_Exgauster\\[2:25],1,,temperature_before,analog
SM_Exgauster\\[2:62],1,,underpressure_before,analog
SM_Exgauster\\[4.6],1,,gas_valve_closed,digital
SM_Exgauster\\[4.7],1,,gas_valve_open,digital
SM_Exgauster\\[4:13],1,,gas_valve_position,analog
SM_Exgauster\\[4:9],1,,rotor_current,analog
SM_Exgauster\\[4:11],1,,rotor_voltage,analog
SM_Exgauster\\[4:10],1,,stator_current,analog
SM_Exgauster\\[4:12],1,,stator_voltage,analog
SM_Exgauster\\[4:7],1,,oil_level,analog
SM_Exgauster\\[4:8],1,,oil_pressure,analog
SM_Exgauster\\[2.1],1,,work,digital
SM_Exgauster\\[0:27],2,/bearing/0/heating_temperature,temperature,analog
SM_Exgauster\\[0:63],2,/bearing/0/heating_temperature,alarm_max,analog
SM_Exgauster\\[0:72],2,/bearing/0/heating_temperature,alarm_min,analog
SM_Exgauster\\[0:81],2,/bearing/0/heating_temperature,warning_max,analog
SM_Exgauster\\[0:90],2,/bearing/0/heating_temperature,warning_min,analog
SM_Exgauster\\[0:2],2,/bearing/0/vibration/axial,value,analog
SM_Exgauster\\[0:137],2,/bearing/0/vibration/axial,alarm_max,analog
SM_Exgauster\\[0:149],2,/bearing/0/vibration/axial,alarm_min,analog
SM_Exgauster\\[0:161],2,/bearing/0/vibration/axial,warning_max,analog
SM_Exgauster\\[0:173],2,/bearing/0/vibration/axial,warning_min,analog
SM_Exgauster\\[0:0],2,/bearing/0/vibration/horizontal,value,analog
SM_Exgauster\\[0:135],2,/bearing/0/vibration/horizontal,alarm_max,analog
SM_Exgauster\\[0:147],2,/bearing/0/vibration/horizontal,alarm_min,analog
SM_Exgauster\\[0:159],2,/bearing/0/vibration/horizontal,warning_max,analog
SM_Exgauster\\[0:171],2,/bearing/0/vibration/horizontal,warning_min,analog
SM_Exgauster\\[0:1],2,/bearing/0/vibration/vertical,value,analog
SM_Exgauster\\[0:136],2,/bearing/0/vibration/vertical,alarm_max,analog
SM_Exgauster\\[0:148],2,/bearing/0/vibration/vertical,alarm_min,analog
SM_Exgauster\\[0:160],2,/bearing/0/vibration/vertical,warning_max,analog
SM_Exgauster\\[0:172],2,/bearing/0/vibration/vertical,warning_min,analog
SM_Exgauster\\[0:28],2,/bearing/1/heating_temperature,temperature,analog
SM_Exgauster\\[0:64],2,/bearing/1/heating_temperature,alarm_max,analog
SM_Exgauster\\[0:73],2,/bearing/1/heating_temperature,alarm_min,analog
SM_Exgauster\\[0:82],2,/bearing/1/heating_temperature,warning_max,analog
SM_Exgauster\\[0:91],2,/bearing/1/heating_temperature,warning_min,analog
SM_Exgauster\\[0:5],2,/bearing/1/vibration/axial,value,analog
SM_Exgauster\\[0:140],2,/bearing/1/vibration/axial,alarm_max,analog
SM_Exgauster\\[0:152],2,/bearing/1/vibration/axial,alarm_min,analog
SM_Exgauster\\[0:164],2,/bearing/1/vibration/axial,warning_max,analog
SM_Exgauster\\[0:176],2,/bearing/1/vibration/axial,warning_min,analog
SM_Exgauster\\[0:3],2,/bearing/1/vibration/horizontal,value,analog
SM_Exgauster\\[0:138],2,/bearing/1/vibration/horizontal,alarm_max,analog
SM_Exgauster\\[0:150],2,/bearing/1/vibration/horizontal,alarm_min,analog
SM_Exgauster\\[0:162],2,/bearing/1/vibration/horizontal,warning_max,analog
SM_Exgauster\\[0:174],2,/bearing/1/vibration/horizontal,warning_min,analog
SM_Exgauster\\[0:4],2,/bearing/1/vibration/vertical,value,analog
SM_Exgauster\\[0:139],2,/bearing/1/vibration/vertical,alarm_max,analog
SM_Exgauster\\[0:151],2,/bearing/1/vibration/vertical,alarm_min,analog
SM_Exgauster\\[0:163],2,/bearing/1/vibration/vertical,warning_max,analog
SM_Exgauster\\[0:175],2,/bearing/1/vibration/vertical,warning_min,analog
SM_Exgauster\\[0:29],2,/bearing/2/heating_temperature,temperature,analog
SM_Exgauster\\[0:65],2,/bearing/2/heating_temperature,alarm_max,analog
SM_Exgauster\\[0:74],2,/bearing/2/heating_temperature,alarm_min,analog
SM_Exgauster\\[0:83],2,/bearing/2/heating_temperature,warning_max,analog
SM_Exgauster\\[0:92],2,/bearing/2/heating_temperature,warning_min,analog
SM_Exgauster\\[0:30],2,/bearing/3/heating_temperature,temperature,analog
SM_Exgauster\\[0:66],2,/bearing/3/heating_temperature,alarm_max,analog
SM_Exgauster\\[0:75],2,/bearing/3/heating_temperature,alarm_min,analog
SM_Exgauster\\[0:84],2,/bearing/3/heating_temperature,warning_max,analog
SM_Exgauster\\[0:93],2,/bearing/3/heating_temperature,warning_min,analog
SM_Exgauster\\[0:31],2,/bearing/4/heating_temperature,temperature,analog
SM_Exgauster\\[0:67],2,/bearing/4/heating_temperature,alarm_max,analog
SM_Exgauster\\[0:76],2,/bearing/4/heating_temperature,alarm_min,analog
SM_Exgauster\\[0:85],2,/bearing/4/heating_temperature,warning_max,analog
SM_Exgauster\\[0:94],2,/bearing/4/heating_temperature,warning_min,analog
SM_Exgauster\\[0:32],2,/bearing/5/heating_temperature,temperature,analog
SM_Exgauster\\[0:68],2,/bearing/5/heating_temperature,alarm_max,analog
SM_Exgauster\\[0:77],2,/bearing/5/heating_temperature,alarm_min,analog
SM_Exgauster\\[0:86],2,/bearing/5/heating_temperature,warning_max,analog
SM_Exgauster\\[0:95],2,/bearing/5/heating_temperature,warning_min,analog
SM_Exgauster\\[0:33],2,/bearing/6/heating_temperature,temperature,analog
SM_Exgauster\\[0:69],2,/bearing/6/heating_temperature,alarm_max,analog
SM_Exgauster\\[0:78],2,/bearing/6/heating_temperature,alarm_min,analog
SM_Exgauster\\[0:87],2,/bearing/6/heating_temperature,warning_max,analog
SM_Exgauster\\[0:96],2,/bearing/6/heating_temperature,warning_min,analog
SM_Exgauster\\[0:8],2,/bearing/6/vibration/axial,value,analog
SM_Exgauster\\[0:143],2,/bearing/6/vibration/axial,alarm_max,analog
SM_Exgauster\\[0:155],2,/bearing/6/vibration/axial,alarm_min,analog
SM_Exgauster\\[0:167],2,/bearing/6/vibration/axial,warning_max,analog
SM_Exgauster\\[0:179],2,/bearing/6/vibration/axial,warning_min,analog
SM_Exgauster\\[0:6],2,/bearing/6/vibration/horizontal,value,analog
SM_Exgauster\\[0:141],2,/bearing/6/vibration/horizontal,alarm_max,analog
SM_Exgauster\\[0:153],2,/bearing/6/vibration/horizontal,alarm_min,analog
SM_Exgauster\\[0:165],2,/bearing/6/vibration/horizontal,warning_max,analog
SM_Exgauster\\[0:177],2,/bearing/6/vibration/horizontal,warning_min,analog
SM_Exgauster\\[0:7],2,/bearing/6/vibration/vertical,value,analog
SM_Exgauster\\[0:142],2,/bearing/6/vibration/vertical,alarm_max,analog
SM_Exgauster\\[0:154],2,/bearing/6/vibration/vertical,alarm_min,analog
SM_Exgauster\\[0:166],2,/bearing/6/vibration/vertical,warning_max,analog
SM_Exgauster\\[0:178],2,/bearing/6/vibration/vertical,warning_min,analog
SM_Exgauster\\[0:34],2,/bearing/7/heating_temperature,temperature,analog
SM_Exgauster\\[0:70],2,/bearing/7/heating_temperature,alarm_max,analog
SM_Exgauster\\[0:79],2,/bearing/7/heating_temperature,alarm_min,analog
SM_Exgauster\\[0:88],2,/bearing/7/heating_temperature,warning_max,analog
SM_Exgauster\\[0:97],2,/bearing/7/heating_temperature,warning_min,analog
SM_Exgauster\\[0:11],2,/bearing/7/vibration/axial,value,analog
SM_Exgauster\\[0:146],2,/bearing/7/vibration/axial,alarm_max,analog
SM_Exgauster\\[0:158],2,/bearing/7/vibration/axial,alarm_min,analog
SM_Exgauster\\[0:170],2,/bearing/7/vibration/axial,warning_max,analog
SM_Exgauster\\[0:182],2,/bearing/7/vibration/axial,warning_min,analog
SM_Exgauster\\[0:9],2,/bearing/7/vibration/horizontal,value,analog
SM_Exgauster\\[0:144],2,/bearing/7/vibration/horizontal,alarm_max,analog
SM_Exgauster\\[0:156],2,/bearing/7/vibration/horizontal,alarm_min,analog
SM_Exgauster\\[0:168],2,/bearing/7/vibration/horizontal,warning_max,analog
SM_Exgauster\\[0:180],2,/bearing/7/vibration/horizontal,warning_min,analog
SM_Exgauster\\[0:10],2,/bearing/7/vibration/vertical,value,analog
SM_Exgauster\\[0:145],2,/bearing/7/vibration/vertical,alarm_max,analog
SM_Exgauster\\[0:157],2,/bearing/7/vibration/vertical,alarm_min,analog
SM_Exgauster\\[0:169],2,/bearing/7/vibration/vertical,warning_max,analog
SM_Exgauster\\[0:181],2,/bearing/7/vibration/vertical,warning_min,analog
SM_Exgauster\\[0:35],2,/bearing/8/heating_temperature,temperature,analog
SM_Exgauster\\[0:71],2,/bearing/8/heating_temperature,alarm_max,analog
SM_Exgauster\\[0:80],2,/bearing/8/heating_temperature,alarm_min,analog
SM_Exgauster\\[0:89],2,/bearing/8/heating_temperature,warning_max,analog
SM_Exgauster\\[0:98],2,/bearing/8/heating_temperature,warning_min,analog
SM_Exgauster\\[0:42],2,/cooler/oil,temperature_after,analog
SM_Exgauster\\[0:41],2,/cooler/oil,temperature_before,analog
SM_Exgauster\\[0:37],2,/cooler/water,temperature_after,analog
SM_Exgauster\\[0:36],2,/cooler/water,temperature_before,analog
SM_Exgauster\\[0:24],2,,temperature_before,analog
SM_Exgauster\\[0:61],2,,underpressure_before,analog
SM_Exgauster\\[1.1],2,,gas_valve_closed,digital
SM_Exgauster\\[1.2],2,,gas_valve_open,digital
SM_Exgauster\\[1:6],2,,gas_valve_position,analog
SM_Exgauster\\[1:2],2,,rotor_current,analog
SM_Exgauster\\[1:4],2,,rotor_voltage,analog
SM_Exgauster\\[1:3],2,,stator_current,analog
SM_Exgauster\\[1:5],2,,stator_voltage,analog
SM_Exgauster\\[1:0],2,,oil_level,analog
SM_Exgauster\\[1:1],2,,oil_pressure,analog
SM_Exgauster\\[0.0],2,,work,digital
SM_Exgauster\\[0:43],3,/bearing/0/heating_temperature,temperature,analog
SM_Exgauster\\[0:99],3,/bearing/0/heating_temperature,alarm_max,analog
SM_Exgauster\\[0:108],3,/bearing/0/heating_temperature,alarm_min,analog
SM_Exgauster\\[0:117],3,/bearing/0/heating_temperature,warning_max,analog
SM_Exgauster\\[0:126],3,/bearing/0/heating_temperature,warning_min,analog
SM_Exgauster\\[0:14],3,/bearing/0/vibration/axial,value,analog
SM_Exgauster\\[0:185],3,/bearing/0/vibration/axial,alarm_max,analog
SM_Exgauster\\[0:197],3,/bearing/0/vibration/axial,alarm_min,analog
SM_Exgauster\\[0:209],3,/bearing/0/vibration/axial,warning_max,analog
SM_Exgauster\\[0:221],3,/bearing/0/vibration/axial,warning_min,analog
SM_Exgauster\\[0:12],3,/bearing/0/vibration/horizontal,value,analog
SM_Exgauster\\[0:183],3,/bearing/0/vibration/horizontal,alarm_max,analog
SM_Exgauster\\[0:195],3,/bearing/0/vibration/horizontal,alarm_min,analog
SM_Exgauster\\[0:207],3,/bearing/0/vibration/horizontal,warning_max,analog
SM_Exgauster\\[0:219],3,/bearing/0/vibration/horizontal,warning_min,analog
SM_Exgauster\\[0:13],3,/bearing/0/vibration/vertical,value,analog
SM_Exgauster\\[0:184],3,/bearing/0/vibration/vertical,alarm_max,analog
SM_Exgauster\\[0:196],3,/bearing/0/vibration/vertical,alarm_min,analog
SM_Exgauster\\[0:208],3,/bearing/0/vibration/vertical,warning_max,analog
SM_Exgauster\\[0:220],3,/bearing/0/vibration/vertical,warning_min,analog
SM_Exgauster\\[0:44],3,/bearing/1/heating_temperature,temperature,analog
SM_Exgauster\\[0:100],3,/bearing/1/heating_temperature,alarm_max,analog
SM_Exgauster\\[0:109],3,/bearing/1/heating_temperature,alarm_min,analog
SM_Exgauster\\[0:118],3,/bearing/1/heating_temperature,warning_max,analog
SM_Exgauster\\[0:127],3,/bearing/1/heating_temperature,warning_min,analog
SM_Exgauster\\[0:17],3,/bearing/1/vibration/axial,value,analog
SM_Exgauster\\[0:188],3,/bearing/1/vibration/axial,alarm_max,analog
SM_Exgauster\\[0:200],3,/bearing/1/vibration/axial,alarm_min,analog
SM_Exgauster\\[0:212],3,/bearing/1/vibration/axial,warning_max,analog
SM_Exgauster\\[0:224],3,/bearing/1/vibration/axial,warning_min,analog
SM_Exgauster\\[0:15],3,/bearing/1/vibration/horizontal,value,analog
SM_Exgauster\\[0:186],3,/bearing/1/vibration/horizontal,alarm_max,analog
SM_Exgauster\\[0:198],3,/bearing/1/vibration/horizontal,alarm_min,analog
SM_Exgauster\\[0:210],3,/bearing/1/vibration/horizontal,warning_max,analog
SM_Exgauster\\[0:222],3,/bearing/1/vibration/horizontal,warning_min,analog
SM_Exgauster\\[0:16],3,/bearing/1/vibration/vertical,value,analog
SM_Exgauster\\[0:187],3,/bearing/1/vibration/vertical,alarm_max,analog
SM_Exgauster\\[0:199],3,/bearing/1/vibration/vertical,alarm_min,analog
SM_Exgauster\\[0:211],3,/bearing/1/vibration/vertical,warning_max,analog
SM_Exgauster\\[0:223],3,/bearing/1/vibration/vertical,warning_min,analog
SM_Exgauster\\[0:45],3,/bearing/2/heating_temperature,temperature,analog
SM_Exgauster\\[0:101],3,/bearing/2/heating_temperature,alarm_max,analog
SM_Exgauster\\[0:110],3,/bearing/2/heating_temperature,alarm_min,analog
SM_Exgauster\\[0:119],3,/bearing/2/heating_temperature,warning_max,analog
SM_Exgauster\\[0:128],3,/bearing/2/heating_temperature,warning_min,analog
SM_Exgauster\\[0:47],3,/bearing/3/heating_temperature,temperature,analog
SM_Exgauster\\[0:102],3,/bearing/3/heating_temperature,alarm_max,analog
SM_Exgauster\\[0:111],3,/bearing/3/heating_temperature,alarm_min,analog
SM_Exgauster\\[0:120],3,/bearing/3/heating_temperature,warning_max,analog
SM_Exgauster\\[0:129],3,/bearing/3/heating_temperature,warning_min,analog
SM_Exgauster\\[0:48],3,/bearing/4/heating_temperature,temperature,analog
SM_Exgauster\\[0:103],3,/bearing/4/heating_temperature,alarm_max,analog
SM_Exgauster\\[0:112],3,/bearing/4/heating_temperature,alarm_min,analog
SM_Exgauster\\[0:121],3,/bearing/4/heating_temperature,warning_max,analog
SM_Exgauster\\[0:130],3,/bearing/4/heating_temperature,warning_min,analog
SM_Exgauster\\[0:49],3,/bearing/5/heating_temperature,temperature,analog
SM_Exgauster\\[0:104],3,/bearing/5/heating_temperature,alarm_max,analog
SM_Exgauster\\[0:113],3,/bearing/5/heating_temperature,alarm_min,analog
SM_Exgauster\\[0:122],3,/bearing/5/heating_temperature,warning_max,analog
SM_Exgauster\\[0:131],3,/bearing/5/heating_temperature,warning_min,analog
SM_Exgauster\\[0:50],3,/bearing/6/heating_temperature,temperature,analog
SM_Exgauster\\[0:105],3,/bearing/6/heating_temperature,alarm_max,analog
SM_Exgauster\\[0:114],3,/bearing/6/heating_temperature,alarm_min,analog
SM_Exgauster\\[0:123],3,/bearing/6/heating_temperature,warning_max,analog
SM_Exgauster\\[0:132],3,/bearing/6/heating_temperature,warning_min,analog
SM_Exgauster\\[0:20],3,/bearing/6/vibration/axial,value,analog
SM_Exgauster\\[0:191],3,/bearing/6/vibration/axial,alarm_max,analog
SM_Exgauster\\[0:203],3,/bearing/6/vibration/axial,alarm_min,analog
SM_Exgauster\\[0:215],3,/bearing/6/vibration/axial,warning_max,analog
SM_Exgauster\\[0:227],3,/bearing/6/vibration/axial,warning_min,analog
SM_Exgauster\\[0:18],3,/bearing/6/vibration/horizontal,value,analog
SM_Exgauster\\[0:189],3,/bearing/6/vibration/horizontal,alarm_max,analog
SM_Exgauster\\[0:201],3,/bearing/6/vibration/horizontal,alarm_min,analog
SM_Exgauster\\[0:213],3,/bearing/6/vibration/horizontal,warning_max,analog
SM_Exgauster\\[0:225],3,/bearing/6/vibration/horizontal,warning_min,analog
SM_Exgauster\\[0:19],3,/bearing/6/vibration/vertical,value,analog
SM_Exgauster\\[0:190],3,/bearing/6/vibration/vertical,alarm_max,analog
SM_Exgauster\\[0:202],3,/bearing/6/vibration/vertical,alarm_min,analog
SM_Exgauster\\[0:214],3,/bearing/6/vibration/vertical,warning_max,analog
SM_Exgauster\\[0:226],3,/bearing/6/vibration/vertical,warning_min,analog
SM_Exgauster\\[0:51],3,/bearing/7/heating_temperature,temperature,analog
SM_Exgauster\\[0:106],3,/bearing/7/heating_temperature,alarm_max,analog
SM_Exgauster\\[0:115],3,/bearing/7/heating_temperature,alarm_min,analog
SM_Exgauster\\[0:124],3,/bearing/7/heating_temperature,warning_max,analog
SM_Exgauster\\[0:133],3,/bearing/7/heating_temperature,warning_min,analog
SM_Exgauster\\[0:23],3,/bearing/7/vibration/axial,value,analog
SM_Exgauster\\[0:194],3,/bearing/7/vibration/axial,alarm_max,analog
SM_Exgauster\\[0:206],3,/bearing/7/vibration/axial,alarm_min,analog
SM_Exgauster\\[0:218],3,/bearing/7/vibration/axial,warning_max,analog
SM_Exgauster\\[0:230],3,/bearing/7/vibration/axial,warning_min,analog
SM_Exgauster\\[0:21],3,/bearing/7/vibration/horizontal,value,analog
SM_Exgauster\\[0:192],3,/bearing/7/vibration/horizontal,alarm_max,analog
SM_Exgauster\\[0:204],3,/bearing/7/vibration/horizontal,alarm_min,analog
SM_Exgauster\\[0:216],3,/bearing/7/vibration/horizontal,warning_max,analog
SM_Exgauster\\[0:228],3,/bearing/7/vibration/horizontal,warning_min,analog
SM_Exgauster\\[0:22],3,/bearing/7/vibration/vertical,value,analog
SM_Exgauster\\[0:193],3,/bearing/7/vibration/vertical,alarm_max,analog
SM_Exgauster\\[0:205],3,/bearing/7/vibration/vertical,alarm_min,analog
SM_Exgauster\\[0:217],3,/bearing/7/vibration/vertical,warning_max,analog
SM_Exgauster\\[0:229],3,/bearing/7/vibration/vertical,warning_min,analog
SM_Exgauster\\[0:52],3,/bearing/8/heating_temperature,temperature,analog
SM_Exgauster\\[0:107],3,/bearing/8/heating_temperature,alarm_max,analog
SM_Exgauster\\[0:116],3,/bearing/8/heating_temperature,alarm_min,analog
SM_Exgauster\\[0:125],3,/bearing/8/heating_temperature,warning_max,analog
SM_Exgauster\\[0:134],3,/bearing/8/heating_temperature,warning_min,analog
SM_Exgauster\\[0:60],3,/cooler/oil,temperature_after,analog
SM_Exgauster\\[0:59],3,/cooler/oil,temperature_before,analog
SM_Exgauster\\[0:54],3,/cooler/water,temperature_after,analog
SM_Exgauster\\[0:53],3,/cooler/water,temperature_before,analog
SM_Exgauster\\[0:25],3,,temperature_before,analog
SM_Exgauster\\[0:62],3,,underpressure_before,analog
SM_Exgauster\\[1.6],3,,gas_valve_closed,digital
SM_Exgauster\\[1.7],3,,gas_valve_open,digital
SM_Exgauster\\[1:13],3,,gas_valve_position,analog
SM_Exgauster\\[1:9],3,,rotor_current,analog
SM_Exgauster\\[1:11],3,,rotor_voltage,analog
SM_Exgauster\\[1:10],3,,stator_current,analog
SM_Exgauster\\[1:12],3,,stator_voltage,analog
SM_Exgauster\\[1:7],3,,oil_level,analog
SM_Exgauster\\[1:8],3,,oil_pressure,analog
SM_Exgauster\\[0.1],3,,work,digital
SM_Exgauster\\[3:27],4,/bearing/0/heating_temperature,temperature,analog
SM_Exgauster\\[3:63],4,/bearing/0/heating_temperature,alarm_max,analog
SM_Exgauster\\[3:72],4,/bearing/0/heating_temperature,alarm_min,analog
SM_Exgauster\\[3:81],4,/bearing/0/heating_temperature,warning_max,analog
SM_Exgauster\\[3:90],4,/bearing/0/heating_temperature,warning_min,analog
SM_Exgauster\\[3:2],4,/bearing/0/vibration/axial,value,analog
SM_Exgauster\\[3:137],4,/bearing/0/vibration/axial,alarm_max,analog
SM_Exgauster\\[3:149],4,/bearing/0/vibration/axial,alarm_min,analog
SM_Exgauster\\[3:161],4,/bearing/0/vibration/axial,warning_max,analog
SM_Exgauster\\[3:173],4,/bearing/0/vibration/axial,warning_min,analog
SM_Exgauster\\[3:0],4,/bearing/0/vibration/horizontal,value,analog
SM_Exgauster\\[3:135],4,/bearing/0/vibration/horizontal,alarm_max,analog
SM_Exgauster\\[3:147],4,/bearing/0/vibration/horizontal,alarm_min,analog
SM_Exgauster\\[3:159],4,/bearing/0/vibration/horizontal,warning_max,analog
SM_Exgauster\\[3:171],4,/bearing/0/vibration/horizontal,warning_min,analog
SM_Exgauster\\[3:1],4,/bearing/0/vibration/vertical,value,analog
SM_Exgauster\\[3:136],4,/bearing/0/vibration/vertical,alarm_max,analog
SM_Exgauster\\[3:148],4,/bearing/0/vibration/vertical,alarm_min,analog
SM_Exgauster\\[3:160],4,/bearing/0/vibration/vertical,warning_max,analog
SM_Exgauster\\[3:172],4,/bearing/0/vibration/vertical,warning_min,analog
SM_Exgauster\\[3:28],4,/bearing/1/heating_temperature,temperature,analog
SM_Exgauster\\[3:64],4,/bearing/1/heating_temperature,alarm_max,analog
SM_Exgauster\\[3:73],4,/bearing/1/heating_temperature,alarm_min,analog
SM_Exgauster\\[3:82],4,/bearing/1/heating_temperature,warning_max,analog
SM_Exgauster\\[3:91],4,/bearing/1/heating_temperature,warning_min,analog
SM_Exgauster\\[3:5],4,/bearing/1/vibration/axial,value,analog
SM_Exgauster\\[3:140],4,/bearing/1/vibration/axial,alarm_max,analog
SM_Exgauster\\[3:152],4,/bearing/1/vibration/axial,alarm_min,analog
SM_Exgauster\\[3:164],4,/bearing/1/vibration/axial,warning_max,analog
SM_Exgauster\\[3:176],4,/bearing/1/vibration/axial,warning_min,analog
SM_Exgauster\\[3:3],4,/bearing/1/vibration/horizontal,value,analog
SM_Exgauster\\[3:138],4,/bearing/1/vibration/horizontal,alarm_max,analog
SM_Exgauster\\[3:150],4,/bearing/1/vibration/horizontal,alarm_min,analog
SM_Exgauster\\[3:162],4,/bearing/1/vibration/horizontal,warning_max,analog
SM_Exgauster\\[3:174],4,/bearing/1/vibration/horizontal,warning_min,analog
SM_Exgauster\\[3:4],4,/bearing/1/vibration/vertical,value,analog
SM_Exgauster\\[3:139],4,/bearing/1/vibration/vertical,alarm_max,analog
SM_Exgauster\\[3:151],4,/bearing/1/vibration/vertical,alarm_min,analog
SM_Exgauster\\[3:163],4,/bearing/1/vibration/vertical,warning_max,analog
SM_Exgauster\\[3:175],4,/bearing/1/vibration/vertical,warning_min,analog
SM_Exgauster\\[3:29],4,/bearing/2/heating_temperature,temperature,analog
SM_Exgauster\\[3:65],4,/bearing/2/heating_temperature,alarm_max,analog
SM_Exgauster\\[3:74],4,/bearing/2/heating_temperature,alarm_min,analog
SM_Exgauster\\[3:83],4,/bearing/2/heating_temperature,warning_max,analog
SM_Exgauster\\[3:92],4,/bearing/2/heating_temperature,warning_min,analog
SM_Exgauster\\[3:30],4,/bearing/3/heating_temperature,temperature,analog
SM_Exgauster\\[3:66],4,/bearing/3/heating_temperature,alarm_max,analog
SM_Exgauster\\[3:75],4,/bearing/3/heating_temperature,alarm_min,analog
SM_Exgauster\\[3:84],4,/bearing/3/heating_temperature,warning_max,analog
SM_Exgauster\\[3:93],4,/bearing/3/heating_temperature,warning_min,analog
SM_Exgauster\\[3:31],4,/bearing/4/heating_temperature,temperature,analog
SM_Exgauster\\[3:67],4,/bearing/4/heating_temperature,alarm_max,analog
SM_Exgauster\\[3:76],4,/bearing/4/heating_temperature,alarm_min,analog
SM_Exgauster\\[3:85],4,/bearing/4/heating_temperature,warning_max,analog
SM_Exgauster\\[3:94],4,/bearing/4/heating_temperature,warning_min,analog
SM_Exgauster\\[3:32],4,/bearing/5/heating_temperature,temperature,analog
SM_Exgauster\\[3:68],4,/bearing/5/heating_temperature,alarm_max,analog
SM_Exgauster\\[3:77],4,/bearing/5/heating_temperature,alarm_min,analog
SM_Exgauster\\[3:86],4,/bearing/5/heating_temperature,warning_max,analog
SM_Exgauster\\[3:95],4,/bearing/5/heating_temperature,warning_min,analog
SM_Exgauster\\[3:33],4,/bearing/6/heating_temperature,temperature,analog
SM_Exgauster\\[3:69],4,/bearing/6/heating_temperature,alarm_max,analog
SM_Exgauster\\[3:78],4,/bearing/6/heating_temperature,alarm_min,analog
SM_Exgauster\\[3:87],4,/bearing/6/heating_temperature,warning_max,analog
SM_Exgauster\\[3:96],4,/bearing/6/heating_temperature,warning_min,analog
SM_Exgauster\\[3:8],4,/bearing/6/vibration/axial,value,analog
SM_Exgauster\\[3:143],4,/bearing/6/vibration/axial,alarm_max,analog
SM_Exgauster\\[3:155],4,/bearing/6/vibration/axial,alarm_min,analog
SM_Exgauster\\[3:167],4,/bearing/6/vibration/axial,warning_max,analog
SM_Exgauster\\[3:179],4,/bearing/6/vibration/axial,warning_min,analog
SM_Exgauster\\[3:6],4,/bearing/6/vibration/horizontal,value,analog
SM_Exgauster\\[3:141],4,/bearing/6/vibration/horizontal,alarm_max,analog
SM_Exgauster\\[3:153],4,/bearing/6/vibration/horizontal,alarm_min,analog
SM_Exgauster\\[3:165],4,/bearing/6/vibration/horizontal,warning_max,analog
SM_Exgauster\\[3:177],4,/bearing/6/vibration/horizontal,warning_min,analog
SM_Exgauster\\[3:7],4,/bearing/6/vibration/vertical,value,analog
SM_Exgauster\\[3:142],4,/bearing/6/vibration/vertical,alarm_max,analog
SM_Exgauster\\[3:154],4,/bearing/6/vibration/vertical,alarm_min,analog
SM_Exgauster\\[3:166],4,/bearing/6/vibration/vertical,warning_max,analog
SM_Exgauster\\[3:178],4,/bearing/6/vibration/vertical,warning_min,analog
SM_Exgauster\\[3:34],4,/bearing/7/heating_temperature,temperature,analog
SM_Exgauster\\[3:70],4,/bearing/7/heating_temperature,alarm_max,analog
SM_Exgauster\\[3:79],4,/bearing/7/heating_temperature,alarm_min,analog
SM_Exgauster\\[3:88],4,/bearing/7/heating_temperature,warning_max,analog
SM_Exgauster\\[3:97],4,/bearing/7/heating_temperature,warning_min,analog
SM_Exgauster\\[3:11],4,/bearing/7/vibration/axial,value,analog
SM_Exgauster\\[3:146],4,/bearing/7/vibration/axial,alarm_max,analog
SM_Exgauster\\[3:158],4,/bearing/7/vibration/axial,alarm_min,analog
SM_Exgauster\\[3:170],4,/bearing/7/vibration/axial,warning_max,analog
SM_Exgauster\\[3:182],4,/bearing/7/vibration/axial,warning_min,analog
SM_Exgauster\\[3:9],4,/bearing/7/vibration/horizontal,value,analog
SM_Exgauster\\[3:144],4,/bearing/7/vibration/horizontal,alarm_max,analog
SM_Exgauster\\[3:156],4,/bearing/7/vibration/horizontal,alarm_min,analog
SM_Exgauster\\[3:168],4,/bearing/7/vibration/horizontal,warning_max,analog
SM_Exgauster\\[3:180],4,/bearing/7/vibration/horizontal,warning_min,analog
SM_Exgauster\\[3:10],4,/bearing/7/vibration/vertical,value,analog
SM_Exgauster\\[3:145],4,/bearing/7/vibration/vertical,alarm_max,analog
SM_Exgauster\\[3:157],4,/bearing/7/vibration/vertical,alarm_min,analog
SM_Exgauster\\[3:169],4,/bearing/7/vibration/vertical,warning_max,analog
SM_Exgauster\\[3:181],4,/bearing/7/vibration/vertical,warning_min,analog
SM_Exgauster\\[3:35],4,/bearing/8/heating_temperature,temperature,analog
SM_Exgauster\\[3:71],4,/bearing/8/heating_temperature,alarm_max,analog
SM_Exgauster\\[3:80],4,/bearing/8/heating_temperature,alarm_min,analog
SM_Exgauster\\[3:89],4,/bearing/8/heating_temperature,warning_max,analog
SM_Exgauster\\[3:98],4,/bearing/8/heating_temperature,warning_min,analog
SM_Exgauster\\[3:42],4,/cooler/oil,temperature_after,analog
SM_Exgauster\\[3:41],4,/cooler/oil,temperature_before,analog
SM_Exgauster\\[3:37],4,/cooler/water,temperature_after,analog
SM_Exgauster\\[3:36],4,/cooler/water,temperature_before,analog
SM_Exgauster\\[3:24],4,,temperature_before,analog
SM_Exgauster\\[3:61],4,,underpressure_before,analog
SM_Exgauster\\[5.1],4,,gas_valve_closed,digital
SM_Exgauster\\[5.2],4,,gas_valve_open,digital
SM_Exgauster\\[5:6],4,,gas_valve_position,analog
SM_Exgauster\\[5:2],4,,rotor_current,analog
SM_Exgauster\\[5:4],4,,rotor_voltage,analog
SM_Exgauster\\[5:3],4,,stator_current,analog
SM_Exgauster\\[5:5],4,,stator_voltage,analog
SM_Exgauster\\[5:0],4,,oil_level,analog
SM_Exgauster\\[5:1],4,,oil_pressure,analog
SM_Exgauster\\[3.0],4,,work,digital
SM_Exgauster\\[3:43],5,/bearing/0/heating_temperature,temperature,analog
SM_Exgauster\\[3:99],5,/bearing/0/heating_temperature,alarm_max,analog
SM_Exgauster\\[3:108],5,/bearing/0/heating_temperature,alarm_min,analog
SM_Exgauster\\[3:117],5,/bearing/0/heating_temperature,warning_max,analog
SM_Exgauster\\[3:126],5,/bearing/0/heating_temperature,warning_min,analog
SM_Exgauster\\[3:14],5,/bearing/0/vibration/axial,value,analog
SM_Exgauster\\[3:185],5,/bearing/0/vibration/axial,alarm_max,analog
SM_Exgauster\\[3:197],5,/bearing/0/vibration/axial,alarm_min,analog
SM_Exgauster\\[3:209],5,/bearing/0/vibration/axial,warning_max,analog
SM_Exgauster\\[3:221],5,/bearing/0/vibration/axial,warning_min,analog
SM_Exgauster\\[3:12],5,/bearing/0/vibration/horizontal,value,analog
SM_Exgauster\\[3:183],5,/bearing/0/vibration/horizontal,alarm_max,analog
SM_Exgauster\\[3:195],5,/bearing/0/vibration/horizontal,alarm_min,analog
SM_Exgauster\\[3:207],5,/bearing/0/vibration/horizontal,warning_max,analog
SM_Exgauster\\[3:219],5,/bearing/0/vibration/horizontal,warning_min,analog
SM_Exgauster\\[3:13],5,/bearing/0/vibration/vertical,value,analog
SM_Exgauster\\[3:184],5,/bearing/0/vibration/vertical,alarm_max,analog
SM_Exgauster\\[3:196],5,/bearing/0/vibration/vertical,alarm_min,analog
SM_Exgauster\\[3:208],5,/bearing/0/vibration/vertical,warning_max,analog
SM_Exgauster\\[3:220],5,/bearing/0/vibration/vertical,warning_min,analog
SM_Exgauster\\[3:44],5,/bearing/1/heating_temperature,temperature,analog
SM_Exgauster\\[3:100],5,/bearing/1/heating_temperature,alarm_max,analog
SM_Exgauster\\[3:109],5,/bearing/1/heating_temperature,alarm_min,analog
SM_Exgauster\\[3:118],5,/bearing/1/heating_temperature,warning_max,analog
SM_Exgauster\\[3:127],5,/bearing/1/heating_temperature,warning_min,analog
SM_Exgauster\\[3:17],5,/bearing/1/vibration/axial,value,analog
SM_Exgauster\\[3:188],5,/bearing/1/vibration/axial,alarm_max,analog
SM_Exgauster\\[3:200],5,/bearing/1/vibration/axial,alarm_min,analog
SM_Exgauster\\[3:212],5,/bearing/1/vibration/axial,warning_max,analog
SM_Exgauster\\[3:224],5,/bearing/1/vibration/axial,warning_min,analog
SM_Exgauster\\[3:15],5,/bearing/1/vibration/horizontal,value,analog
SM_Exgauster\\[3:186],5,/bearing/1/vibration/horizontal,alarm_max,analog
SM_Exgauster\\[3:198],5,/bearing/1/vibration/horizontal,alarm_min,analog
SM_Exgauster\\[3:210],5,/bearing/1/vibration/horizontal,warning_max,analog
SM_Exgauster\\[3:222],5,/bearing/1/vibration/horizontal,warning_min,analog
SM_Exgauster\\[3:16],5,/bearing/1/vibration/vertical,value,analog
SM_Exgauster\\[3:187],5,/bearing/1/vibration/vertical,alarm_max,analog
SM_Exgauster\\[3:199],5,/bearing/1/vibration/vertical,alarm_min,analog
SM_Exgauster\\[3:211],5,/bearing/1/vibration/vertical,warning_max,analog
SM_Exgauster\\[3:223],5,/bearing/1/vibration/vertical,warning_min,analog
SM_Exgauster\\[3:45],5,/bearing/2/heating_temperature,temperature,analog
SM_Exgauster\\[3:101],5,/bearing/2/heating_temperature,alarm_max,analog
SM_Exgauster\\[3:110],5,/bearing/2/heating_temperature,alarm_min,analog
SM_Exgauster\\[3:119],5,/bearing/2/heating_temperature,warning_max,analog
SM_Exgauster\\[3:128],5,/bearing/2/heating_temperature,warning_min,analog
SM_Exgauster\\[3:47],5,/bearing/3/heating_temperature,temperature,analog
SM_Exgauster\\[3:102],5,/bearing/3/heating_temperature,alarm_max,analog
SM_Exgauster\\[3:111],5,/bearing/3/heating_temperature,alarm_min,analog
SM_Exgauster\\[3:120],5,/bearing/3/heating_temperature,warning_max,analog
SM_Exgauster\\[3:129],5,/bearing/3/heating_temperature,warning_min,analog
SM_Exgauster\\[3:48],5,/bearing/4/heating_temperature,temperature,analog
SM_Exgauster\\[3:103],5,/bearing/4/heating_temperature,alarm_max,analog
SM_Exgauster\\[3:112],5,/bearing/4/heating_temperature,alarm_min,analog
SM_Exgauster\\[3:121],5,/bearing/4/heating_temperature,warning_max,analog
SM_Exgauster\\[3:130],5,/bearing/4/heating_temperature,warning_min,analog
SM_Exgauster\\[3:49],5,/bearing/5/heating_temperature,temperature,analog
SM_Exgauster\\[3:104],5,/bearing/5/heating_temperature,alarm_max,analog
SM_Exgauster\\[3:113],5,/bearing/5/heating_temperature,alarm_min,analog
SM_Exgauster\\[3:122],5,/bearing/5/heating_temperature,warning_max,analog
SM_Exgauster\\[3:131],5,/bearing/5/heating_temperature,warning_min,analog
SM_Exgauster\\[3:50],5,/bearing/6/heating_temperature,temperature,analog
SM_Exgauster\\[3:105],5,/bearing/6/heating_temperature,alarm_max,analog
SM_Exgauster\\[3:114],5,/bearing/6/heating_temperature,alarm_min,analog
SM_Exgauster\\[3:123],5,/bearing/6/heating_temperature,warning_max,analog
SM_Exgauster\\[3:132],5,/bearing/6/heating_temperature,warning_min,analog
SM_Exgauster\\[3:20],5,/bearing/6/vibration/axial,value,analog
SM_Exgauster\\[3:191],5,/bearing/6/vibration/axial,alarm_max,analog
SM_Exgauster\\[3:203],5,/bearing/6/vibration/axial,alarm_min,analog
SM_Exgauster\\[3:215],5,/bearing/6/vibration/axial,warning_max,analog
SM_Exgauster\\[3:227],5,/bearing/6/vibration/axial,warning_min,analog
SM_Exgauster\\[3:18],5,/bearing/6/vibration/horizontal,value,analog
SM_Exgauster\\[3:189],5,/bearing/6/vibration/horizontal,alarm_max,analog
SM_Exgauster\\[3:201],5,/bearing/6/vibration/horizontal,alarm_min,analog
SM_Exgauster\\[3:213],5,/bearing/6/vibration/horizontal,warning_max,analog
SM_Exgauster\\[3:225],5,/bearing/6/vibration/horizontal,warning_min,analog
SM_Exgauster\\[3:19],5,/bearing/6/vibration/vertical,value,analog
SM_Exgauster\\[3:190],5,/bearing/6/vibration/vertical,alarm_max,analog
SM_Exgauster\\[3:202],5,/bearing/6/vibration/vertical,alarm_min,analog
SM_Exgauster\\[3:214],5,/bearing/6/vibration/vertical,warning_max,analog
SM_Exgauster\\[3:226],5,/bearing/6/vibration/vertical,warning_min,analog
SM_Exgauster\\[3:51],5,/bearing/7/heating_temperature,temperature,analog
SM_Exgauster\\[3:106],5,/bearing/7/heating_temperature,alarm_max,analog
SM_Exgauster\\[3:115],5,/bearing/7/heating_temperature,alarm_min,analog
SM_Exgauster\\[3:124],5,/bearing/7/heating_temperature,warning_max,analog
SM_Exgauster\\[3:133],5,/bearing/7/heating_temperature,warning_min,analog
SM_Exgauster\\[3:23],5,/bearing/7/vibration/axial,value,analog
SM_Exgauster\\[3:194],5,/bearing/7/vibration/axial,alarm_max,analog
SM_Exgauster\\[3:206],5,/bearing/7/vibration/axial,alarm_min,analog
SM_Exgauster\\[3:218],5,/bearing/7/vibration/axial,warning_max,analog
SM_Exgauster\\[3:230],5,/bearing/7/vibration/axial,warning_min,analog
SM_Exgauster\\[3:21],5,/bearing/7/vibration/horizontal,value,analog
SM_Exgauster\\[3:192],5,/bearing/7/vibration/horizontal,alarm_max,analog
SM_Exgauster\\[3:204],5,/bearing/7/vibration/horizontal,alarm_min,analog
SM_Exgauster\\[3:216],5,/bearing/7/vibration/horizontal,warning_max,analog
SM_Exgauster\\[3:228],5,/bearing/7/vibration/horizontal,warning_min,analog
SM_Exgauster\\[3:22],5,/bearing/7/vibration/vertical,value,analog
SM_Exgauster\\[3:193],5,/bearing/7/vibration/vertical,alarm_max,analog
SM_Exgauster\\[3:205],5,/bearing/7/vibration/vertical,alarm_min,analog
SM_Exgauster\\[3:217],5,/bearing/7/vibration/vertical,warning_max,analog
SM_Exgauster\\[3:229],5,/bearing/7/vibration/vertical,warning_min,analog
SM_Exgauster\\[3:52],5,/bearing/8/heating_temperature,temperature,analog
SM_Exgauster\\[3:107],5,/bearing/8/heating_temperature,alarm_max,analog
SM_Exgauster\\[3:116],5,/bearing/8/heating_temperature,alarm_min,analog
SM_Exgauster\\[3:125],5,/bearing/8/heating_temperature,warning_max,analog
SM_Exgauster\\[3:134],5,/bearing/8/heating_temperature,warning_min,analog
SM_Exgauster\\[3:60],5,/cooler/oil,temperature_after,analog
SM_Exgauster\\[3:59],5,/cooler/oil,temperature_before,analog
SM_Exgauster\\[3:54],5,/cooler/water,temperature_after,analog
SM_Exgauster\\[3:53],5,/cooler/water,temperature_before,analog
SM_Exgauster\\[3:25],5,,temperature_before,analog
SM_Exgauster\\[3:62],5,,underpressure_before,analog
SM_Exgauster\\[5.6],5,,gas_valve_closed,digital
SM_Exgauster\\[5.7],5,,gas_valve_open,digital
SM_Exgauster\\[5:13],5,,gas_valve_position,analog
SM_Exgauster\\[5:9],5,,rotor_current,analog
SM_Exgauster\\[5:11],5,,rotor_voltage,analog
SM_Exgauster\\[5:10],5,,stator_current,analog
SM_Exgauster\\[5:12],5,,stator_voltage,analog
SM_Exgauster\\[5:7],5,,oil_level,analog
SM_Exgauster\\[5:8],5,,oil_pressure,analog
SM_Exgauster\\[3.1],5,,work,digital
